filepath,tone,syllable,voice,condition,split
dataset_clean/tone1/a_tone1_fv1.wav,1,a,fv1,clean,train
dataset_clean/tone1/a_tone1_fv2.wav,1,a,fv2,clean,val
dataset_clean/tone1/a_tone1_fv3.wav,1,a,fv3,clean,val
dataset_clean/tone1/a_tone1_mv1.wav,1,a,mv1,clean,train
dataset_clean/tone1/a_tone1_mv2.wav,1,a,mv2,clean,train
dataset_clean/tone1/a_tone1_mv3.wav,1,a,mv3,clean,train
dataset_clean/tone1/ai_tone1_fv1.wav,1,ai,fv1,clean,train
dataset_clean/tone1/ai_tone1_fv2.wav,1,ai,fv2,clean,test
dataset_clean/tone1/ai_tone1_fv3.wav,1,ai,fv3,clean,train
dataset_clean/tone1/ai_tone1_mv1.wav,1,ai,mv1,clean,train
dataset_clean/tone1/ai_tone1_mv2.wav,1,ai,mv2,clean,test
dataset_clean/tone1/ai_tone1_mv3.wav,1,ai,mv3,clean,train
dataset_clean/tone1/an_tone1_fv1.wav,1,an,fv1,clean,train
dataset_clean/tone1/an_tone1_fv2.wav,1,an,fv2,clean,train
dataset_clean/tone1/an_tone1_fv3.wav,1,an,fv3,clean,train
dataset_clean/tone1/an_tone1_mv1.wav,1,an,mv1,clean,train
dataset_clean/tone1/an_tone1_mv2.wav,1,an,mv2,clean,train
dataset_clean/tone1/an_tone1_mv3.wav,1,an,mv3,clean,train
dataset_clean/tone1/ba_tone1_fv1.wav,1,ba,fv1,clean,test
dataset_clean/tone1/ba_tone1_fv2.wav,1,ba,fv2,clean,train
dataset_clean/tone1/ba_tone1_fv3.wav,1,ba,fv3,clean,val
dataset_clean/tone1/ba_tone1_mv1.wav,1,ba,mv1,clean,test
dataset_clean/tone1/ba_tone1_mv2.wav,1,ba,mv2,clean,test
dataset_clean/tone1/ba_tone1_mv3.wav,1,ba,mv3,clean,test
dataset_clean/tone1/da_tone1_fv1.wav,1,da,fv1,clean,train
dataset_clean/tone1/da_tone1_fv2.wav,1,da,fv2,clean,train
dataset_clean/tone1/da_tone1_fv3.wav,1,da,fv3,clean,train
dataset_clean/tone1/da_tone1_mv1.wav,1,da,mv1,clean,train
dataset_clean/tone1/da_tone1_mv2.wav,1,da,mv2,clean,train
dataset_clean/tone1/da_tone1_mv3.wav,1,da,mv3,clean,train
dataset_clean/tone1/ma_tone1_fv1.wav,1,ma,fv1,clean,train
dataset_clean/tone1/ma_tone1_fv2.wav,1,ma,fv2,clean,train
dataset_clean/tone1/ma_tone1_fv3.wav,1,ma,fv3,clean,train
dataset_clean/tone1/ma_tone1_mv1.wav,1,ma,mv1,clean,train
dataset_clean/tone1/ma_tone1_mv2.wav,1,ma,mv2,clean,train
dataset_clean/tone1/ma_tone1_mv3.wav,1,ma,mv3,clean,test
dataset_clean/tone1/mi_tone1_fv1.wav,1,mi,fv1,clean,train
dataset_clean/tone1/mi_tone1_fv2.wav,1,mi,fv2,clean,val
dataset_clean/tone1/mi_tone1_fv3.wav,1,mi,fv3,clean,val
dataset_clean/tone1/mi_tone1_mv1.wav,1,mi,mv1,clean,val
dataset_clean/tone1/mi_tone1_mv2.wav,1,mi,mv2,clean,train
dataset_clean/tone1/mi_tone1_mv3.wav,1,mi,mv3,clean,val
dataset_clean/tone1/tai_tone1_fv1.wav,1,tai,fv1,clean,test
dataset_clean/tone1/tai_tone1_fv2.wav,1,tai,fv2,clean,train
dataset_clean/tone1/tai_tone1_fv3.wav,1,tai,fv3,clean,train
dataset_clean/tone1/tai_tone1_mv1.wav,1,tai,mv1,clean,train
dataset_clean/tone1/tai_tone1_mv2.wav,1,tai,mv2,clean,train
dataset_clean/tone1/tai_tone1_mv3.wav,1,tai,mv3,clean,train
dataset_clean/tone2/a_tone2_fv1.wav,2,a,fv1,clean,train
dataset_clean/tone2/a_tone2_fv2.wav,2,a,fv2,clean,val
dataset_clean/tone2/a_tone2_fv3.wav,2,a,fv3,clean,train
dataset_clean/tone2/a_tone2_mv1.wav,2,a,mv1,clean,val
dataset_clean/tone2/a_tone2_mv2.wav,2,a,mv2,clean,train
dataset_clean/tone2/a_tone2_mv3.wav,2,a,mv3,clean,val
dataset_clean/tone2/ai_tone2_fv1.wav,2,ai,fv1,clean,val
dataset_clean/tone2/ai_tone2_fv2.wav,2,ai,fv2,clean,test
dataset_clean/tone2/ai_tone2_fv3.wav,2,ai,fv3,clean,train
dataset_clean/tone2/ai_tone2_mv1.wav,2,ai,mv1,clean,train
dataset_clean/tone2/ai_tone2_mv2.wav,2,ai,mv2,clean,train
dataset_clean/tone2/ai_tone2_mv3.wav,2,ai,mv3,clean,train
dataset_clean/tone2/an_tone2_fv1.wav,2,an,fv1,clean,train
dataset_clean/tone2/an_tone2_fv2.wav,2,an,fv2,clean,val
dataset_clean/tone2/an_tone2_fv3.wav,2,an,fv3,clean,train
dataset_clean/tone2/an_tone2_mv1.wav,2,an,mv1,clean,train
dataset_clean/tone2/an_tone2_mv2.wav,2,an,mv2,clean,test
dataset_clean/tone2/an_tone2_mv3.wav,2,an,mv3,clean,train
dataset_clean/tone2/ba_tone2_fv1.wav,2,ba,fv1,clean,train
dataset_clean/tone2/ba_tone2_fv2.wav,2,ba,fv2,clean,val
dataset_clean/tone2/ba_tone2_fv3.wav,2,ba,fv3,clean,train
dataset_clean/tone2/ba_tone2_mv1.wav,2,ba,mv1,clean,train
dataset_clean/tone2/ba_tone2_mv2.wav,2,ba,mv2,clean,train
dataset_clean/tone2/ba_tone2_mv3.wav,2,ba,mv3,clean,train
dataset_clean/tone2/da_tone2_fv1.wav,2,da,fv1,clean,train
dataset_clean/tone2/da_tone2_fv2.wav,2,da,fv2,clean,train
dataset_clean/tone2/da_tone2_fv3.wav,2,da,fv3,clean,train
dataset_clean/tone2/da_tone2_mv1.wav,2,da,mv1,clean,test
dataset_clean/tone2/da_tone2_mv2.wav,2,da,mv2,clean,train
dataset_clean/tone2/da_tone2_mv3.wav,2,da,mv3,clean,train
dataset_clean/tone2/ma_tone2_fv1.wav,2,ma,fv1,clean,train
dataset_clean/tone2/ma_tone2_fv2.wav,2,ma,fv2,clean,train
dataset_clean/tone2/ma_tone2_fv3.wav,2,ma,fv3,clean,train
dataset_clean/tone2/ma_tone2_mv1.wav,2,ma,mv1,clean,train
dataset_clean/tone2/ma_tone2_mv2.wav,2,ma,mv2,clean,val
dataset_clean/tone2/ma_tone2_mv3.wav,2,ma,mv3,clean,test
dataset_clean/tone2/mi_tone2_fv1.wav,2,mi,fv1,clean,train
dataset_clean/tone2/mi_tone2_fv2.wav,2,mi,fv2,clean,test
dataset_clean/tone2/mi_tone2_fv3.wav,2,mi,fv3,clean,train
dataset_clean/tone2/mi_tone2_mv1.wav,2,mi,mv1,clean,train
dataset_clean/tone2/mi_tone2_mv2.wav,2,mi,mv2,clean,train
dataset_clean/tone2/mi_tone2_mv3.wav,2,mi,mv3,clean,train
dataset_clean/tone2/tai_tone2_fv1.wav,2,tai,fv1,clean,train
dataset_clean/tone2/tai_tone2_fv2.wav,2,tai,fv2,clean,test
dataset_clean/tone2/tai_tone2_fv3.wav,2,tai,fv3,clean,train
dataset_clean/tone2/tai_tone2_mv1.wav,2,tai,mv1,clean,train
dataset_clean/tone2/tai_tone2_mv2.wav,2,tai,mv2,clean,train
dataset_clean/tone2/tai_tone2_mv3.wav,2,tai,mv3,clean,test
dataset_clean/tone3/a_tone3_fv1.wav,3,a,fv1,clean,train
dataset_clean/tone3/a_tone3_fv2.wav,3,a,fv2,clean,train
dataset_clean/tone3/a_tone3_fv3.wav,3,a,fv3,clean,train
dataset_clean/tone3/a_tone3_mv1.wav,3,a,mv1,clean,train
dataset_clean/tone3/a_tone3_mv2.wav,3,a,mv2,clean,test
dataset_clean/tone3/a_tone3_mv3.wav,3,a,mv3,clean,train
dataset_clean/tone3/ai_tone3_fv1.wav,3,ai,fv1,clean,test
dataset_clean/tone3/ai_tone3_fv2.wav,3,ai,fv2,clean,val
dataset_clean/tone3/ai_tone3_fv3.wav,3,ai,fv3,clean,test
dataset_clean/tone3/ai_tone3_mv1.wav,3,ai,mv1,clean,train
dataset_clean/tone3/ai_tone3_mv2.wav,3,ai,mv2,clean,train
dataset_clean/tone3/ai_tone3_mv3.wav,3,ai,mv3,clean,val
dataset_clean/tone3/an_tone3_fv1.wav,3,an,fv1,clean,train
dataset_clean/tone3/an_tone3_fv2.wav,3,an,fv2,clean,train
dataset_clean/tone3/an_tone3_fv3.wav,3,an,fv3,clean,train
dataset_clean/tone3/an_tone3_mv1.wav,3,an,mv1,clean,train
dataset_clean/tone3/an_tone3_mv2.wav,3,an,mv2,clean,val
dataset_clean/tone3/an_tone3_mv3.wav,3,an,mv3,clean,train
dataset_clean/tone3/ba_tone3_fv1.wav,3,ba,fv1,clean,train
dataset_clean/tone3/ba_tone3_fv2.wav,3,ba,fv2,clean,train
dataset_clean/tone3/ba_tone3_fv3.wav,3,ba,fv3,clean,train
dataset_clean/tone3/ba_tone3_mv1.wav,3,ba,mv1,clean,train
dataset_clean/tone3/ba_tone3_mv2.wav,3,ba,mv2,clean,train
dataset_clean/tone3/ba_tone3_mv3.wav,3,ba,mv3,clean,train
dataset_clean/tone3/da_tone3_fv1.wav,3,da,fv1,clean,train
dataset_clean/tone3/da_tone3_fv2.wav,3,da,fv2,clean,train
dataset_clean/tone3/da_tone3_fv3.wav,3,da,fv3,clean,train
dataset_clean/tone3/da_tone3_mv1.wav,3,da,mv1,clean,test
dataset_clean/tone3/da_tone3_mv2.wav,3,da,mv2,clean,train
dataset_clean/tone3/da_tone3_mv3.wav,3,da,mv3,clean,train
dataset_clean/tone3/ma_tone3_fv1.wav,3,ma,fv1,clean,train
dataset_clean/tone3/ma_tone3_fv2.wav,3,ma,fv2,clean,train
dataset_clean/tone3/ma_tone3_fv3.wav,3,ma,fv3,clean,test
dataset_clean/tone3/ma_tone3_mv1.wav,3,ma,mv1,clean,val
dataset_clean/tone3/ma_tone3_mv2.wav,3,ma,mv2,clean,val
dataset_clean/tone3/ma_tone3_mv3.wav,3,ma,mv3,clean,train
dataset_clean/tone3/mi_tone3_fv1.wav,3,mi,fv1,clean,train
dataset_clean/tone3/mi_tone3_fv2.wav,3,mi,fv2,clean,train
dataset_clean/tone3/mi_tone3_fv3.wav,3,mi,fv3,clean,test
dataset_clean/tone3/mi_tone3_mv1.wav,3,mi,mv1,clean,train
dataset_clean/tone3/mi_tone3_mv2.wav,3,mi,mv2,clean,train
dataset_clean/tone3/mi_tone3_mv3.wav,3,mi,mv3,clean,val
dataset_clean/tone3/tai_tone3_fv1.wav,3,tai,fv1,clean,train
dataset_clean/tone3/tai_tone3_fv2.wav,3,tai,fv2,clean,val
dataset_clean/tone3/tai_tone3_fv3.wav,3,tai,fv3,clean,train
dataset_clean/tone3/tai_tone3_mv1.wav,3,tai,mv1,clean,test
dataset_clean/tone3/tai_tone3_mv2.wav,3,tai,mv2,clean,val
dataset_clean/tone3/tai_tone3_mv3.wav,3,tai,mv3,clean,train
dataset_clean/tone4/a_tone4_fv1.wav,4,a,fv1,clean,train
dataset_clean/tone4/a_tone4_fv2.wav,4,a,fv2,clean,test
dataset_clean/tone4/a_tone4_fv3.wav,4,a,fv3,clean,train
dataset_clean/tone4/a_tone4_mv1.wav,4,a,mv1,clean,train
dataset_clean/tone4/a_tone4_mv2.wav,4,a,mv2,clean,train
dataset_clean/tone4/a_tone4_mv3.wav,4,a,mv3,clean,val
dataset_clean/tone4/ai_tone4_fv1.wav,4,ai,fv1,clean,val
dataset_clean/tone4/ai_tone4_fv2.wav,4,ai,fv2,clean,train
dataset_clean/tone4/ai_tone4_fv3.wav,4,ai,fv3,clean,train
dataset_clean/tone4/ai_tone4_mv1.wav,4,ai,mv1,clean,train
dataset_clean/tone4/ai_tone4_mv2.wav,4,ai,mv2,clean,train
dataset_clean/tone4/ai_tone4_mv3.wav,4,ai,mv3,clean,train
dataset_clean/tone4/an_tone4_fv1.wav,4,an,fv1,clean,val
dataset_clean/tone4/an_tone4_fv2.wav,4,an,fv2,clean,train
dataset_clean/tone4/an_tone4_fv3.wav,4,an,fv3,clean,val
dataset_clean/tone4/an_tone4_mv1.wav,4,an,mv1,clean,train
dataset_clean/tone4/an_tone4_mv2.wav,4,an,mv2,clean,train
dataset_clean/tone4/an_tone4_mv3.wav,4,an,mv3,clean,train
dataset_clean/tone4/ba_tone4_fv1.wav,4,ba,fv1,clean,train
dataset_clean/tone4/ba_tone4_fv2.wav,4,ba,fv2,clean,train
dataset_clean/tone4/ba_tone4_fv3.wav,4,ba,fv3,clean,train
dataset_clean/tone4/ba_tone4_mv1.wav,4,ba,mv1,clean,val
dataset_clean/tone4/ba_tone4_mv2.wav,4,ba,mv2,clean,test
dataset_clean/tone4/ba_tone4_mv3.wav,4,ba,mv3,clean,train
dataset_clean/tone4/da_tone4_fv1.wav,4,da,fv1,clean,train
dataset_clean/tone4/da_tone4_fv2.wav,4,da,fv2,clean,train
dataset_clean/tone4/da_tone4_fv3.wav,4,da,fv3,clean,train
dataset_clean/tone4/da_tone4_mv1.wav,4,da,mv1,clean,val
dataset_clean/tone4/da_tone4_mv2.wav,4,da,mv2,clean,test
dataset_clean/tone4/da_tone4_mv3.wav,4,da,mv3,clean,train
dataset_clean/tone4/ma_tone4_fv1.wav,4,ma,fv1,clean,train
dataset_clean/tone4/ma_tone4_fv2.wav,4,ma,fv2,clean,test
dataset_clean/tone4/ma_tone4_fv3.wav,4,ma,fv3,clean,train
dataset_clean/tone4/ma_tone4_mv1.wav,4,ma,mv1,clean,train
dataset_clean/tone4/ma_tone4_mv2.wav,4,ma,mv2,clean,train
dataset_clean/tone4/ma_tone4_mv3.wav,4,ma,mv3,clean,test
dataset_clean/tone4/mi_tone4_fv1.wav,4,mi,fv1,clean,train
dataset_clean/tone4/mi_tone4_fv2.wav,4,mi,fv2,clean,train
dataset_clean/tone4/mi_tone4_fv3.wav,4,mi,fv3,clean,val
dataset_clean/tone4/mi_tone4_mv1.wav,4,mi,mv1,clean,train
dataset_clean/tone4/mi_tone4_mv2.wav,4,mi,mv2,clean,train
dataset_clean/tone4/mi_tone4_mv3.wav,4,mi,mv3,clean,train
dataset_clean/tone4/tai_tone4_fv1.wav,4,tai,fv1,clean,test
dataset_clean/tone4/tai_tone4_fv2.wav,4,tai,fv2,clean,train
dataset_clean/tone4/tai_tone4_fv3.wav,4,tai,fv3,clean,test
dataset_clean/tone4/tai_tone4_mv1.wav,4,tai,mv1,clean,train
dataset_clean/tone4/tai_tone4_mv2.wav,4,tai,mv2,clean,train
dataset_clean/tone4/tai_tone4_mv3.wav,4,tai,mv3,clean,train
