model,condition,test_accuracy
CNN_A_clean_only,white_mild,0.896551724137931
CNN_A_clean_only,white_medium,0.6206896551724138
CNN_A_clean_only,white_strong,0.2413793103448276
CNN_A_clean_only,speed_fast,1.0
CNN_A_clean_only,speed_slow,1.0
CNN_A_clean_only,pitch_up,0.9655172413793104
CNN_A_clean_only,pitch_down,1.0
CNN_A_clean_only,clean,1.0
CNN_A_clean_only,noisy_average,0.8177339901477833
CNN_B_clean_plus_noise,white_mild,0.9655172413793104
CNN_B_clean_plus_noise,white_medium,0.9655172413793104
CNN_B_clean_plus_noise,white_strong,0.9655172413793104
CNN_B_clean_plus_noise,speed_fast,0.9310344827586207
CNN_B_clean_plus_noise,speed_slow,1.0
CNN_B_clean_plus_noise,pitch_up,0.9310344827586207
CNN_B_clean_plus_noise,pitch_down,1.0
CNN_B_clean_plus_noise,clean,1.0
CNN_B_clean_plus_noise,noisy_average,0.9655172413793104
